
insert into hierarchy (is_deleted, create_date, id, parent_id, update_date, version, code, name)
values ('N', '2023-07-01 21:24:01.143000 +00:00', 1, null, '2023-07-01 21:24:06.085000 +00:00', 1, 'Hierarchy 1',
        'Hierarchy 1'),
       ('N', '2023-07-01 21:24:01.143000 +00:00', 2, 1, '2023-07-01 21:24:06.085000 +00:00', 1, 'Hierarchy 1.1',
        'Hierarchy 1.1'),
       ('N', '2023-07-01 21:24:01.143000 +00:00', 3, null, '2023-07-01 21:24:06.085000 +00:00', 1, 'Hierarchy 2',
        'Hierarchy 2'),
       ('N', '2023-07-01 21:24:01.143000 +00:00', 4, 3, '2023-07-01 21:24:06.085000 +00:00', 1, 'Hierarchy 2.1',
        'Hierarchy 2.1');

insert into currency (code, name, description, is_deleted, create_date, update_date, version)
values ('₴', 'UAH', 'National currency of Ukraine', 'N', '2023-07-01 21:27:02.214000 +00:00', '2023-07-01 21:27:02.214000 +00:00', 1),
       ('₽', 'RUB', 'National currency of Russia', 'N', '2023-07-01 21:27:02.214000 +00:00', '2023-07-01 21:27:02.214000 +00:00', 1),
       ('$', 'USD', 'National currency of United State of America', 'N', '2023-07-01 21:27:02.214000 +00:00', '2023-07-01 21:27:02.214000 +00:00', 1);

insert into price_list (is_deleted, create_date, id, update_date, version, code, currency_id)
values ('N', '2023-07-01 21:26:58.836000 +00:00', 1, '2023-07-01 21:27:02.214000 +00:00', 1, 'Purchasing', 3),
       ('N', '2023-07-01 21:27:42.321000 +00:00', 2, '2023-07-01 21:27:38.739000 +00:00', 1, 'Selling', 3);

insert into item (is_deleted, create_date, hierarchy_id, id, update_date, version, code, name)
values ('N', '2023-07-01 21:30:16.614000 +00:00', 1, 1, '2023-07-01 21:30:22.440000 +00:00', 1, '001', 'T-Shirt'),
       ('N', '2023-07-01 21:30:16.614000 +00:00', 1, 2, '2023-07-01 21:30:22.440000 +00:00', 1, '002', 'Skirt'),
       ('N', '2023-07-01 21:30:16.614000 +00:00', 2, 3, '2023-07-01 21:30:22.440000 +00:00', 1, '003', 'Skirt Small'),
       ('N', '2023-07-01 21:30:16.614000 +00:00', 4, 4, '2023-07-01 21:30:22.440000 +00:00', 1, '004', 'Polo');

insert into item_barcode (is_deleted, is_default, create_date, id, item_id, update_date, version, barcode)
values ('N','Y', '2023-07-01 21:33:37.256000 +00:00', 1, 1, '2023-07-01 21:33:40.496000 +00:00', 1, 'item_1_barcode_1'),
       ('N','N', '2023-07-01 21:33:37.256000 +00:00', 2, 1, '2023-07-01 21:33:40.496000 +00:00', 1, 'item_1_barcode_2'),
       ('N','N', '2023-07-01 21:33:37.256000 +00:00', 3, 2, '2023-07-01 21:33:40.496000 +00:00', 1, 'item_2_barcode_1'),
       ('N','Y', '2023-07-01 21:33:37.256000 +00:00', 4, 2, '2023-07-01 21:33:40.496000 +00:00', 1, 'item_2_barcode_2');

insert into item_price_value (is_deleted, value, create_date, id, item_id, price_list_id, update_date, version,
                              start_time)
values ('N', 10.00, '2023-07-02 16:23:23.771000 +00:00', 1, 1, 1, '2023-07-02 16:23:30.701000 +00:00', 1,
        '2023-07-03 16:23:34.000000'),
       ('N', 20.00, '2023-07-02 16:23:23.771000 +00:00', 2, 1, 1, '2023-07-02 16:23:30.701000 +00:00', 1,
        '2023-07-05 16:23:34.000000'),
       ('N', 110.00, '2023-07-02 16:23:23.771000 +00:00', 3, 3, 2, '2023-07-02 16:23:30.701000 +00:00', 1,
        '2023-07-01 16:23:34.000000'),
       ('N', 100.00, '2023-07-02 16:23:23.771000 +00:00', 4, 3, 2, '2023-07-02 16:23:30.701000 +00:00', 1,
        '2023-07-02 16:23:34.000000');